<?xml version="1.0" encoding="utf-8" ?>
<Defs>


	<!-- =====Shirts===== -->



	<ThingDef ParentName="FashionrimstaApparelMakeableBase">
		<defName>Apparel_FSFineShirt</defName>
		<description>Up your social-game with our business line shirt!
Whether you want the ladies to drop their panties or traders 
to drop their prices, no one will be save from your ice-like coolness.</description>
		<label>fine shirt</label>
		<recipeMaker>
			<researchPrerequisite>ComplexClothing</researchPrerequisite>
		</recipeMaker>
		<graphicData>
			<texPath>Things/Pawn/Humanlike/Apparel/Shirts/FSFineShirt</texPath>
			<graphicClass>Graphic_Single</graphicClass>
		</graphicData>
		<costStuffCount>65</costStuffCount>
		<stuffCategories>
			<li>Fabric</li>
			<li>Leathery</li>
		</stuffCategories>
		<thingCategories>
			<li>Apparel</li>
		</thingCategories>
		<statBases>
			<WorkToMake>3000</WorkToMake>
			<Mass>0.3</Mass>
			<StuffEffectMultiplierArmor>0.15</StuffEffectMultiplierArmor>
			<StuffEffectMultiplierInsulation_Cold>0.22</StuffEffectMultiplierInsulation_Cold>
			<StuffEffectMultiplierInsulation_Heat>0.10</StuffEffectMultiplierInsulation_Heat>
			<EquipDelay>1.5</EquipDelay>
		</statBases>
		<equippedStatOffsets>
			<MentalBreakThreshold>-0.02</MentalBreakThreshold>
			<NegotiationAbility>0.1</NegotiationAbility>
			<SocialImpact>0.05</SocialImpact>
			<TradePriceImprovement>0.1</TradePriceImprovement>
		</equippedStatOffsets>
		<generateCommonality>0.2</generateCommonality>
		<apparel>
			<bodyPartGroups>
				<li>Torso</li>
				<li>Shoulders</li>
				<li>Arms</li>
			</bodyPartGroups>
			<wornGraphicPath>Things/Pawn/Humanlike/Apparel/Shirts/FSFineShirt</wornGraphicPath>
			<layers>
				<li>OnSkin</li>
			</layers>
			<tags>
				<li>Outlander</li>
				<li>Spacer</li>
			</tags>
			<defaultOutfitTags>
				<li>Worker</li>
			</defaultOutfitTags>
		</apparel>
		<colorGenerator Class="ColorGenerator_StandardApparel" />
	</ThingDef>



	<ThingDef ParentName="FashionrimstaApparelMakeableBase">
		<defName>Apparel_FSFatigues</defName>
		<description>Now also available for civilians, our military fatigues!
The ideal uniform choice for any charismatic warmonger or charming guerilla fighter!
Crush your enemies and defend you turf with these highly innovative fatigues.</description>
		<label>military fatigues</label>
		<recipeMaker>
			<researchPrerequisite>ComplexClothing</researchPrerequisite>
		</recipeMaker>
		<graphicData>
			<texPath>Things/Pawn/Humanlike/Apparel/Shirts/FSFatigues</texPath>
			<graphicClass>Graphic_Single</graphicClass>
		</graphicData>
		<costStuffCount>120</costStuffCount>
		<stuffCategories>
			<li>Fabric</li>
			<li>Leathery</li>
		</stuffCategories>
		<thingCategories>
			<li>Apparel</li>
		</thingCategories>
		<statBases>
			<WorkToMake>7000</WorkToMake>
			<Mass>0.5</Mass>
			<StuffEffectMultiplierArmor>0.2</StuffEffectMultiplierArmor>
			<StuffEffectMultiplierInsulation_Cold>0.2</StuffEffectMultiplierInsulation_Cold>
			<StuffEffectMultiplierInsulation_Heat>0</StuffEffectMultiplierInsulation_Heat>
			<EquipDelay>3</EquipDelay>
		</statBases>
		<equippedStatOffsets>
			<MentalBreakThreshold>-0.001</MentalBreakThreshold>
			<ShootingAccuracyPawn>1.2</ShootingAccuracyPawn>
			<MeleeHitChance>0.05</MeleeHitChance>
			<AimingDelayFactor>-0.05</AimingDelayFactor>
		</equippedStatOffsets>
		<generateCommonality>0.2</generateCommonality>
		<apparel>
			<bodyPartGroups>
				<li>Torso</li>
				<li>Shoulders</li>
				<li>Arms</li>
			</bodyPartGroups>
			<wornGraphicPath>Things/Pawn/Humanlike/Apparel/Shirts/FSFatigues</wornGraphicPath>
			<layers>
				<li>OnSkin</li>
			</layers>
			<tags>
				<li>Outlander</li>
				<li>Spacer</li>
			</tags>
			<defaultOutfitTags>
				<li>Soldier</li>
			</defaultOutfitTags>
		</apparel>
		<colorGenerator Class="ColorGenerator_StandardApparel" />
	</ThingDef>



	<!-- =====Coats===== -->



	<ThingDef ParentName="FashionrimstaApparelMakeableBase">
		<defName>Apparel_FSFurCoat</defName>
		<description>A savagely warm fur coat for the savage fashion fan! 
Wraps the important bits and bobs in dead animal hide and fur, and keeps them safe from freezing winter temperatures. 
The preferred winter look of the tribals of the Rim!

(Since dead animal fur is heavy to shlep around all day, walking and working too fast is not recommended/possible. --fashionRIMsta, Dept. of Design)</description>
		<label>fur coat</label>
		<graphicData>
			<texPath>Things/Pawn/Humanlike/Apparel/Coats/FSFurCoat</texPath>
			<graphicClass>Graphic_Single</graphicClass>
		</graphicData>
		<costStuffCount>150</costStuffCount>
		<techLevel>Neolithic</techLevel>
		<stuffCategories>
			<li>Fabric</li>
			<li>Leathery</li>
		</stuffCategories>
		<thingCategories>
			<li>Apparel</li>
		</thingCategories>
		<statBases>
			<WorkToMake>10000</WorkToMake>
			<Mass>4.0</Mass>
			<StuffEffectMultiplierArmor>0.35</StuffEffectMultiplierArmor>
			<StuffEffectMultiplierInsulation_Cold>2.3</StuffEffectMultiplierInsulation_Cold>
			<StuffEffectMultiplierInsulation_Heat>0.3</StuffEffectMultiplierInsulation_Heat>
			<EquipDelay>2.5</EquipDelay>
		</statBases>
		<equippedStatOffsets>
			<MoveSpeed>-0.08</MoveSpeed>
			<WorkSpeedGlobal>-0.15</WorkSpeedGlobal>
		</equippedStatOffsets>
		<generateCommonality>1</generateCommonality>
		<apparel>
			<bodyPartGroups>
				<li>Torso</li>
				<li>Shoulders</li>
				<li>Arms</li>
				<li>Legs</li>
			</bodyPartGroups>
			<wornGraphicPath>Things/Pawn/Humanlike/Apparel/Coats/FSFurCoat</wornGraphicPath>
			<layers>
				<li>Shell</li>
			</layers>
			<tags>
				<li>Outlander</li>
				<li>Tribal</li>
				<li>NorbalSage</li>
			</tags>
			<defaultOutfitTags>
				<li>Worker</li>
				<li>Soldier</li>
			</defaultOutfitTags>
		</apparel>
		<recipeMaker>
			<recipeUsers>
				<li>ElectricTailoringBench</li>
				<li>HandTailoringBench</li>
				<li>CraftingSpot</li>
			</recipeUsers>
		</recipeMaker>
		<colorGenerator Class="ColorGenerator_StandardApparel" />
	</ThingDef>




	<ThingDef ParentName="FashionrimstaApparelMakeableBase">
		<defName>Apparel_FSDesertRobe</defName>
		<label>desert robe</label>
		<description>The desert robe is the perfect apparel for a hot day. 
It is easy to craft at a crafting spot and allows for a nice, cool breeze around the nether regions, to combat the heat of summer and excessive sweating. 
It is one of the typical summer clothes worn by the tribal people of the Rim.</description>
		<graphicData>
			<texPath>Things/Pawn/Humanlike/Apparel/Coats/FSDesertRobe</texPath>
			<graphicClass>Graphic_Single</graphicClass>
		</graphicData>
		<costStuffCount>65</costStuffCount>
		<techLevel>Neolithic</techLevel>
		<stuffCategories>
			<li>Fabric</li>
			<li>Leathery</li>
		</stuffCategories>
		<thingCategories>
			<li>Apparel</li>
		</thingCategories>
		<statBases>
			<MaxHitPoints>140</MaxHitPoints>
			<WorkToMake>7500</WorkToMake>
			<Mass>1.2</Mass>
			<StuffEffectMultiplierArmor>0.15</StuffEffectMultiplierArmor>
			<StuffEffectMultiplierInsulation_Cold>0.1</StuffEffectMultiplierInsulation_Cold>
			<StuffEffectMultiplierInsulation_Heat>1</StuffEffectMultiplierInsulation_Heat>
			<Insulation_Cold>5</Insulation_Cold>
			<Insulation_Heat>20</Insulation_Heat>
			<EquipDelay>3</EquipDelay>
		</statBases>
		<generateCommonality>0.5</generateCommonality>
		<apparel>
			<bodyPartGroups>
				<li>Torso</li>
				<li>Shoulders</li>
				<li>Arms</li>
				<li>Legs</li>
			</bodyPartGroups>
			<wornGraphicPath>Things/Pawn/Humanlike/Apparel/Coats/FSDesertRobe</wornGraphicPath>
			<layers>
				<li>Shell</li>
			</layers>
			<tags>
				<li>Outlander</li>
				<li>Tribal</li>
			</tags>
			<defaultOutfitTags>
				<li>Worker</li>
			</defaultOutfitTags>
		</apparel>
		<recipeMaker>
			<recipeUsers>
				<li>ElectricTailoringBench</li>
				<li>HandTailoringBench</li>
				<li>CraftingSpot</li>
			</recipeUsers>
		</recipeMaker>
		<colorGenerator Class="ColorGenerator_Options">
			<options>
				<li>
					<weight>10</weight>
					<only>RGBA(0.33,0.33,0.33,1)</only>
				</li>
				<li>
					<weight>10</weight>
					<only>RGBA(0.65,0.65,0.65,1)</only>
				</li>
				<li>
					<weight>10</weight>
					<only>RGBA(0.4,0.3,0.15,1)</only>
				</li>
				<li>
					<weight>15</weight>
					<min>RGBA(0.3,0.3,0.3,1)</min>
					<max>RGBA(0.5,0.5,0.5,1)</max>
				</li>
				<li>
					<weight>6</weight>
					<min>RGBA(0.5,0.5,0.5,1)</min>
					<max>RGBA(1,1,1,1)</max>
				</li>
			</options>
		</colorGenerator>
	</ThingDef>



	<ThingDef ParentName="FashionrimstaApparelMakeableBase">
		<defName>Apparel_FSGardeningVest</defName>
		<description>Shriveled corn? Tiny potatoes?
Put on the gardening vest and show your prowess on the "plowing field" like a Pro!
Plant your seeds and pluck those flowers, make that black thumb green again!</description>
		<label>gardening vest</label>
		<graphicData>
			<texPath>Things/Pawn/Humanlike/Apparel/Coats/FSGardeningVest</texPath>
			<graphicClass>Graphic_Single</graphicClass>
		</graphicData>
		<costStuffCount>75</costStuffCount>
		<stuffCategories>
			<li>Fabric</li>
			<li>Leathery</li>
		</stuffCategories>
		<thingCategories>
			<li>Apparel</li>
		</thingCategories>
		<statBases>
			<WorkToMake>8000</WorkToMake>
			<Mass>0.4</Mass>
			<StuffEffectMultiplierArmor>0.1</StuffEffectMultiplierArmor>
			<StuffEffectMultiplierInsulation_Cold>0.1</StuffEffectMultiplierInsulation_Cold>
			<StuffEffectMultiplierInsulation_Heat>0.00</StuffEffectMultiplierInsulation_Heat>
			<ArmorRating_Blunt>0.04</ArmorRating_Blunt>
			<ArmorRating_Sharp>0.04</ArmorRating_Sharp>
			<Insulation_Cold>2</Insulation_Cold>
			<EquipDelay>1</EquipDelay>
		</statBases>
		<equippedStatOffsets>
			<PlantWorkSpeed>0.1</PlantWorkSpeed>
			<PlantHarvestYield>0.15</PlantHarvestYield>
		</equippedStatOffsets>
		<generateCommonality>1</generateCommonality>
		<apparel>
			<bodyPartGroups>
				<li>Torso</li>
				<li>Shoulders</li>
			</bodyPartGroups>
			<wornGraphicPath>Things/Pawn/Humanlike/Apparel/Coats/FSGardeningVest</wornGraphicPath>
			<layers>
				<li>Shell</li>
			</layers>
			<tags>
				<li>Outlander</li>
			</tags>
			<defaultOutfitTags>
				<li>Worker</li>
				<li>Workforce</li>
			</defaultOutfitTags>
		</apparel>
		<colorGenerator Class="ColorGenerator_StandardApparel" />
	</ThingDef>



	<!-- =====Pants===== -->



	<ThingDef ParentName="FashionrimstaApparelMakeableBase">
		<defName>Apparel_FSThermalPants</defName>
		<label>thermal pants</label>
		<description>These fashionable thermal pants represent the height of cold-weather apparel innovation! 
They keep the bottom warm and feel like sitting on a fluffy cloud.
From the Glitterworlds to the Rim, they are the perfect high-tech choice for cold temperatures.</description>
		<recipeMaker>
			<researchPrerequisite>ComplexClothing</researchPrerequisite>
		</recipeMaker>
		<graphicData>
			<texPath>Things/Pawn/Humanlike/Apparel/Pants/FSThermalPants_OnMap</texPath>
			<graphicClass>Graphic_Single</graphicClass>
		</graphicData>
		<costStuffCount>150</costStuffCount>
		<stuffCategories>
			<li>Fabric</li>
			<li>Leathery</li>
		</stuffCategories>
		<thingCategories>
			<li>Apparel</li>
		</thingCategories>
		<statBases>
			<WorkToMake>10000</WorkToMake>
			<Mass>2.0</Mass>
			<StuffEffectMultiplierArmor>0.2</StuffEffectMultiplierArmor>
			<StuffEffectMultiplierInsulation_Cold>1.1</StuffEffectMultiplierInsulation_Cold>
			<StuffEffectMultiplierInsulation_Heat>0.00</StuffEffectMultiplierInsulation_Heat>
			<EquipDelay>3</EquipDelay>
		</statBases>
		<generateCommonality>0.1</generateCommonality>
		<apparel>
			<bodyPartGroups>
				<li>Legs</li>
			</bodyPartGroups>
			<layers>
				<li>OnSkin</li>
			</layers>
			<tags>
				<li>Outlander</li>
				<li>Spacer</li>
			</tags>
			<defaultOutfitTags>
				<li>Worker</li>
				<li>Soldier</li>
			</defaultOutfitTags>
		</apparel>
		<colorGenerator Class="ColorGenerator_StandardApparel" />
	</ThingDef>



	<ThingDef ParentName="FashionrimstaApparelMakeableBase">
		<defName>Apparel_FSCargoShorts</defName>
		<label>cargo shorts</label>
		<description>Enjoy the summer and show off your legs with these perfectly tailored cargo shorts!
With no sweating between your legs, even the work goes faster!

(Independent studies have shown, that the aerodynamic and cooling properties of these shorts verifiably enhance walking and working speed. --fashionRIMsta, Dept. of Science)</description>
		<graphicData>
			<texPath>Things/Pawn/Humanlike/Apparel/Pants/FSCargoShorts_OnMap</texPath>
			<graphicClass>Graphic_Single</graphicClass>
		</graphicData>
		<costStuffCount>60</costStuffCount>
		<stuffCategories>
			<li>Fabric</li>
			<li>Leathery</li>
		</stuffCategories>
		<thingCategories>
			<li>Apparel</li>
		</thingCategories>
		<statBases>
			<WorkToMake>8000</WorkToMake>
			<Mass>0.2</Mass>
			<StuffEffectMultiplierArmor>0.1</StuffEffectMultiplierArmor>
			<StuffEffectMultiplierInsulation_Cold>0</StuffEffectMultiplierInsulation_Cold>
			<StuffEffectMultiplierInsulation_Heat>1</StuffEffectMultiplierInsulation_Heat>
		</statBases>
		<equippedStatOffsets>
			<WorkSpeedGlobal>0.015</WorkSpeedGlobal>
			<MoveSpeed>0.03</MoveSpeed>
		</equippedStatOffsets>
		<generateCommonality>0.1</generateCommonality>
		<apparel>
			<bodyPartGroups>
				<li>Legs</li>
			</bodyPartGroups>
			<layers>
				<li>OnSkin</li>
			</layers>
			<tags>
				<li>Outlander</li>
				<li>Spacer</li>
			</tags>
			<defaultOutfitTags>
				<li>Worker</li>
				<li>Soldier</li>
			</defaultOutfitTags>
		</apparel>
		<colorGenerator Class="ColorGenerator_StandardApparel" />
	</ThingDef>



	<!-- =====Middle===== -->



	<ThingDef ParentName="FashionrimstaApparelMakeableBase">
		<defName>Apparel_FSOveralls</defName>
		<label>Overalls</label>
		<description>Swing that mop and move those feet! 
Our "Professional Professionals" product line introduces: The Overall
A new and improved uniform for all you hip and fashion-aware 
Colony Environmental Hygienists,
Habitat Contaminant Removal Executives
and Resource Location Adjustment Technicians!
Wear fashionRIMsta - be a professional.</description>
		<graphicData>
			<texPath>Things/Pawn/Humanlike/Apparel/Other/FSOveralls</texPath>
			<graphicClass>Graphic_Single</graphicClass>
		</graphicData>
		<costStuffCount>80</costStuffCount>
		<stuffCategories>
			<li>Fabric</li>
			<li>Leathery</li>
		</stuffCategories>
		<thingCategories>
			<li>Apparel</li>
		</thingCategories>
		<statBases>
			<WorkToMake>9000</WorkToMake>
			<Mass>1.0</Mass>
			<StuffEffectMultiplierArmor>0.15</StuffEffectMultiplierArmor>
			<StuffEffectMultiplierInsulation_Cold>0.3</StuffEffectMultiplierInsulation_Cold>
			<EquipDelay>3</EquipDelay>
		</statBases>
		<equippedStatOffsets>
			<WorkSpeedGlobal>0.025</WorkSpeedGlobal>
			<MoveSpeed>0.05</MoveSpeed>
		</equippedStatOffsets>
		<generateCommonality>0.2</generateCommonality>
		<apparel>
			<bodyPartGroups>
				<li>Legs</li>
				<li>Torso</li>
			</bodyPartGroups>
			<wornGraphicPath>Things/Pawn/Humanlike/Apparel/Other/FSOveralls</wornGraphicPath>
			<layers>
				<li>Middle</li>
			</layers>
			<tags>
				<li>Outlander</li>
				<li>Spacer</li>
				<li>Workforce</li>
			</tags>
			<defaultOutfitTags>
				<li>Worker</li>
			</defaultOutfitTags>
		</apparel>
		<colorGenerator Class="ColorGenerator_StandardApparel" />
	</ThingDef>



	<!-- =====Hats===== -->



	<ThingDef ParentName="FashionrimstaHatMakeableBase">
		<defName>Apparel_FSFurHat</defName>
		<label>fur hat</label>
		<description>These hats made of fur, are a replica of those worn by the ancient warriors of the Ra-Shain plains of Terra.
They are the perfect headgear for cold weather protection, both stylish and practical.</description>
		<graphicData>
			<texPath>Things/Pawn/Humanlike/Apparel/Hats/FSFurHat</texPath>
			<graphicClass>Graphic_Single</graphicClass>
		</graphicData>
		<costStuffCount>50</costStuffCount>
		<techLevel>Neolithic</techLevel>
		<stuffCategories>
			<li>Fabric</li>
		</stuffCategories>
		<statBases>
			<WorkToMake>3000</WorkToMake>
			<Mass>0.8</Mass>
			<StuffEffectMultiplierArmor>0.2</StuffEffectMultiplierArmor>
			<StuffEffectMultiplierInsulation_Cold>0.60</StuffEffectMultiplierInsulation_Cold>
			<StuffEffectMultiplierInsulation_Heat>0</StuffEffectMultiplierInsulation_Heat>
			<EquipDelay>0.8</EquipDelay>
		</statBases>
		<generateCommonality>0.1</generateCommonality>
		<apparel>
			<bodyPartGroups>
				<li>UpperHead</li>
			</bodyPartGroups>
			<wornGraphicPath>Things/Pawn/Humanlike/Apparel/Hats/FSFurHat</wornGraphicPath>
			<layers>
				<li>Overhead</li>
			</layers>
			<tags>
				<li>Outlander</li>
				<li>NorbalSage</li>
			</tags>
			<defaultOutfitTags>
				<li>Worker</li>
				<li>Soldier</li>
			</defaultOutfitTags>
		</apparel>
		<recipeMaker>
			<recipeUsers>
				<li>ElectricTailoringBench</li>
				<li>HandTailoringBench</li>
				<li>CraftingSpot</li>
			</recipeUsers>
		</recipeMaker>
	</ThingDef>



	<ThingDef ParentName="FashionrimstaHatMakeableBase">
		<defName>Apparel_FSDesertWrap</defName>
		<label>desert head wrap</label>
		<description>Are you tired of the sand blowing in your face? 
The sun baking on your head? 
Fear no more! The desert head wrap is here! 
It will protect you from the heat and sand and general unpleasantness of summer. 
But beware! Since your face is covered, you will sound like a mumbling idiot, so people won't understand you well!</description>
		<graphicData>
			<texPath>Things/Pawn/Humanlike/Apparel/Hats/FSDesertWrap</texPath>
			<graphicClass>Graphic_Single</graphicClass>
		</graphicData>
		<costStuffCount>40</costStuffCount>
		<techLevel>Neolithic</techLevel>
		<stuffCategories>
			<li>Fabric</li>
			<li>Leathery</li>
		</stuffCategories>
		<statBases>
			<WorkToMake>2500</WorkToMake>
			<Mass>0.1</Mass>
			<StuffEffectMultiplierArmor>0.1</StuffEffectMultiplierArmor>
			<StuffEffectMultiplierInsulation_Cold>0.2</StuffEffectMultiplierInsulation_Cold>
			<StuffEffectMultiplierInsulation_Heat>1.2</StuffEffectMultiplierInsulation_Heat>
			<EquipDelay>0.8</EquipDelay>
		</statBases>
		<equippedStatOffsets>
			<SocialImpact>-0.07</SocialImpact>
		</equippedStatOffsets>
		<generateCommonality>0.5</generateCommonality>
		<apparel>
			<bodyPartGroups>
				<li>UpperHead</li>
				<li>Teeth</li>
			</bodyPartGroups>
			<wornGraphicPath>Things/Pawn/Humanlike/Apparel/Hats/FSDesertWrap</wornGraphicPath>
			<layers>
				<li>Overhead</li>
			</layers>
			<tags>
				<li>Outlander</li>
				<li>Tribal</li>
			</tags>
			<defaultOutfitTags>
				<li>Worker</li>
			</defaultOutfitTags>
		</apparel>
		<recipeMaker>
			<recipeUsers>
				<li>ElectricTailoringBench</li>
				<li>HandTailoringBench</li>
				<li>CraftingSpot</li>
			</recipeUsers>
		</recipeMaker>
	</ThingDef>



	<!-- =====Stuff-less apparel===== -->



	<ThingDef ParentName="FashionrimstaStufflessApparelMakeableBase">
		<defName>Apparel_FSChefJacket</defName>
		<description>Show off your cooking skills with this professional chef jacket!
Butcher faster!
Cook better!
Brew more!
And impress your fellow colonists with your tasty creations that have a lesser chance of poisoning them!</description>
		<label>chef jacket</label>
		<recipeMaker>
			<researchPrerequisite>ComplexClothing</researchPrerequisite>
		</recipeMaker>
		<graphicData>
			<texPath>Things/Pawn/Humanlike/Apparel/Coats/FSChefJacket</texPath>
			<graphicClass>Graphic_Single</graphicClass>
		</graphicData>
		<costList>
			<Cloth>60</Cloth>
		</costList>
		<thingCategories>
			<li>Apparel</li>
		</thingCategories>
		<statBases>
			<WorkToMake>6000</WorkToMake>
			<Mass>0.4</Mass>
			<StuffEffectMultiplierArmor>0.1</StuffEffectMultiplierArmor>
			<StuffEffectMultiplierInsulation_Cold>0.20</StuffEffectMultiplierInsulation_Cold>
			<StuffEffectMultiplierInsulation_Heat>0</StuffEffectMultiplierInsulation_Heat>
			<EquipDelay>1</EquipDelay>
		</statBases>
		<equippedStatOffsets>
			<CookSpeed>0.15</CookSpeed>
			<FoodPoisonChance>-0.1</FoodPoisonChance>
			<ButcheryFleshSpeed>0.15</ButcheryFleshSpeed>
		</equippedStatOffsets>
		<generateCommonality>0.01</generateCommonality>
		<apparel>
			<bodyPartGroups>
				<li>Torso</li>
				<li>Shoulders</li>
				<li>Arms</li>
			</bodyPartGroups>
			<wornGraphicPath>Things/Pawn/Humanlike/Apparel/Coats/FSChefJacket</wornGraphicPath>
			<layers>
				<li>Shell</li>
			</layers>
			<tags>
				<li>Outlander</li>
				<li>Workforce</li>
			</tags>
			<defaultOutfitTags>
				<li>Worker</li>
			</defaultOutfitTags>
		</apparel>
	</ThingDef>



	<ThingDef ParentName="FashionrimstaStufflessHatMakeableBase">
		<defName>Apparel_FSChefsHat</defName>
		<label>chefs hat</label>
		<description>Complete your professional chef look, 
and forget all those nasty hairs in the soup with this innovative and practical chef's hat.
Cook, brew and butcher faster, better and with style!</description>
		<recipeMaker>
			<researchPrerequisite>ComplexClothing</researchPrerequisite>
		</recipeMaker>
		<graphicData>
			<texPath>Things/Pawn/Humanlike/Apparel/Hats/FSChefsHat</texPath>
			<graphicClass>Graphic_Single</graphicClass>
		</graphicData>
		<costList>
			<Cloth>30</Cloth>
		</costList>
		<statBases>
			<WorkToMake>2000</WorkToMake>
			<Mass>0.1</Mass>
			<StuffEffectMultiplierArmor>0.1</StuffEffectMultiplierArmor>
			<StuffEffectMultiplierInsulation_Cold>0.15</StuffEffectMultiplierInsulation_Cold>
			<StuffEffectMultiplierInsulation_Heat>0</StuffEffectMultiplierInsulation_Heat>
			<EquipDelay>0.7</EquipDelay>
		</statBases>
		<equippedStatOffsets>
			<CookSpeed>0.05</CookSpeed>
			<FoodPoisonChance>-0.15</FoodPoisonChance>
			<ButcheryFleshSpeed>0.05</ButcheryFleshSpeed>
		</equippedStatOffsets>
		<generateCommonality>0.01</generateCommonality>
		<apparel>
			<bodyPartGroups>
				<li>UpperHead</li>
			</bodyPartGroups>
			<wornGraphicPath>Things/Pawn/Humanlike/Apparel/Hats/FSChefsHat</wornGraphicPath>
			<layers>
				<li>Overhead</li>
			</layers>
			<tags>
				<li>Outlander</li>
				<li>Workforce</li>
			</tags>
			<defaultOutfitTags>
				<li>Worker</li>
			</defaultOutfitTags>
		</apparel>
	</ThingDef>



	<ThingDef ParentName="FashionrimstaStufflessApparelMakeableBase">
		<defName>Apparel_FSScrubs</defName>
		<description>These scrubs are the perfect choice for the madically inclined colonist.
They are sanitary, super blood-resistant and give the appearance of medical professionalism, even without a degree!

(FashionRIMsta does not condone the practice of medicine without a professional degree 
and is not liable for any and all consequences of malpractice and/or 
accidents performed while wearing our medical apparel. --fashionRIMsta, Legal Dept.)</description>
		<label>scrubs</label>
		<recipeMaker>
			<researchPrerequisite>ComplexClothing</researchPrerequisite>
		</recipeMaker>
		<graphicData>
			<texPath>Things/Pawn/Humanlike/Apparel/Shirts/FSScrubs</texPath>
			<graphicClass>Graphic_Single</graphicClass>
		</graphicData>
		<costList>
			<Cloth>60</Cloth>
			<MedicineIndustrial>2</MedicineIndustrial>
		</costList>
		<thingCategories>
			<li>Apparel</li>
		</thingCategories>
		<statBases>
			<WorkToMake>8000</WorkToMake>
			<Mass>0.2</Mass>
			<StuffEffectMultiplierArmor>0.1</StuffEffectMultiplierArmor>
			<StuffEffectMultiplierInsulation_Cold>0.20</StuffEffectMultiplierInsulation_Cold>
			<StuffEffectMultiplierInsulation_Heat>0</StuffEffectMultiplierInsulation_Heat>
			<EquipDelay>2</EquipDelay>
		</statBases>
		<equippedStatOffsets>
			<MedicalSurgerySuccessChance>0.15</MedicalSurgerySuccessChance>
			<MedicalTendQuality>0.15</MedicalTendQuality>
			<MedicalTendSpeed>0.1</MedicalTendSpeed>
			<MedicalOperationSpeed>0.1</MedicalOperationSpeed>
		</equippedStatOffsets>
		<generateCommonality>0.01</generateCommonality>
		<apparel>
			<bodyPartGroups>
				<li>Torso</li>
				<li>Shoulders</li>
			</bodyPartGroups>
			<wornGraphicPath>Things/Pawn/Humanlike/Apparel/Shirts/FSScrubs</wornGraphicPath>
			<layers>
				<li>OnSkin</li>
			</layers>
			<tags>
				<li>Outlander</li>
				<li>Workforce</li>
			</tags>
			<defaultOutfitTags>
				<li>Worker</li>
			</defaultOutfitTags>
		</apparel>
	</ThingDef>



	<ThingDef ParentName="FashionrimstaStufflessHatMakeableBase">
		<defName>Apparel_FSSurgicalMask</defName>
		<label>surgical mask</label>
		<description>This mask prevents the wearer from being splattered in the face 
with blood/tissue/brains/fluids while performing any medical tasks.
Also shields the 'patient' from bacteria and/or dirt coming from the mask-wearer.

(FashionRIMsta does not condone the practice of medicine without a professional degree 
and is not liable for any and all consequences 
of malpractice and/or accidents performed while wearing our 
medical apparel. --fashionRIMsta, Legal Dept.)</description>
		<recipeMaker>
			<researchPrerequisite>ComplexClothing</researchPrerequisite>
		</recipeMaker>
		<graphicData>
			<texPath>Things/Pawn/Humanlike/Apparel/Hats/FSSurgicalMask</texPath>
			<graphicClass>Graphic_Single</graphicClass>
		</graphicData>
		<costList>
			<Cloth>30</Cloth>
			<MedicineIndustrial>1</MedicineIndustrial>
		</costList>
		<statBases>
			<WorkToMake>2500</WorkToMake>
			<Mass>0.1</Mass>
			<StuffEffectMultiplierArmor>0.1</StuffEffectMultiplierArmor>
			<StuffEffectMultiplierInsulation_Cold>0.15</StuffEffectMultiplierInsulation_Cold>
			<StuffEffectMultiplierInsulation_Heat>0</StuffEffectMultiplierInsulation_Heat>
			<EquipDelay>1</EquipDelay>
		</statBases>
		<equippedStatOffsets>
			<MedicalSurgerySuccessChance>0.1</MedicalSurgerySuccessChance>
			<MedicalTendQuality>0.1</MedicalTendQuality>
			<MedicalTendSpeed>0.05</MedicalTendSpeed>
			<MedicalOperationSpeed>0.05</MedicalOperationSpeed>
		</equippedStatOffsets>
		<generateCommonality>0.01</generateCommonality>
		<apparel>
			<bodyPartGroups>
				<li>UpperHead</li>
				<li>Teeth</li>
			</bodyPartGroups>
			<wornGraphicPath>Things/Pawn/Humanlike/Apparel/Hats/FSSurgicalMask</wornGraphicPath>
			<layers>
				<li>Overhead</li>
			</layers>
			<tags>
				<li>Outlander</li>
				<li>Workforce</li>
			</tags>
			<defaultOutfitTags>
				<li>Worker</li>
			</defaultOutfitTags>
		</apparel>
	</ThingDef>



	<ThingDef ParentName="FashionrimstaStufflessApparelMakeableBase">
		<defName>Apparel_FSConstructionJacket</defName>
		<description>Brightly colored for perfect visibility, the construction Jacket
is a must-have addition for every growing colony!
Let your colonists stand out not only by style 
but also by the speed they mine and build!</description>
		<label>construction jacket</label>
		<recipeMaker>
			<researchPrerequisite>ComplexClothing</researchPrerequisite>
		</recipeMaker>
		<graphicData>
			<texPath>Things/Pawn/Humanlike/Apparel/Coats/FSConstructionJacket</texPath>
			<graphicClass>Graphic_Single</graphicClass>
		</graphicData>
		<costList>
			<Cloth>75</Cloth>
			<Steel>10</Steel>
		</costList>
		<thingCategories>
			<li>Apparel</li>
		</thingCategories>
		<statBases>
			<WorkToMake>9000</WorkToMake>
			<Mass>0.8</Mass>
			<StuffEffectMultiplierArmor>0.15</StuffEffectMultiplierArmor>
			<StuffEffectMultiplierInsulation_Cold>0.20</StuffEffectMultiplierInsulation_Cold>
			<StuffEffectMultiplierInsulation_Heat>0</StuffEffectMultiplierInsulation_Heat>
			<EquipDelay>2</EquipDelay>
		</statBases>
		<equippedStatOffsets>
			<MiningSpeed>0.15</MiningSpeed>
			<SmoothingSpeed>0.15</SmoothingSpeed>
			<ConstructionSpeed>0.15</ConstructionSpeed>
			<ConstructSuccessChance>0.15</ConstructSuccessChance>
			<FixBrokenDownBuildingSuccessChance>0.15</FixBrokenDownBuildingSuccessChance>
		</equippedStatOffsets>
		<generateCommonality>0.01</generateCommonality>
		<apparel>
			<bodyPartGroups>
				<li>Torso</li>
				<li>Shoulders</li>
			</bodyPartGroups>
			<wornGraphicPath>Things/Pawn/Humanlike/Apparel/Coats/FSConstructionJacket</wornGraphicPath>
			<layers>
				<li>Shell</li>
			</layers>
			<tags>
				<li>Outlander</li>
				<li>Workforce</li>
			</tags>
			<defaultOutfitTags>
				<li>Worker</li>
			</defaultOutfitTags>
		</apparel>
	</ThingDef>



	<ThingDef ParentName="FashionrimstaStufflessArmorHelmetMakeableBase">
		<defName>Apparel_FSGasmask</defName>
		<label>gasmask</label>
		<description>No air? No problem!
Our new and redesigned gasmask will keep you breathing
worry-free for at least 50% longer* in any nasty
and toxic environment!
(*percentage is an estimate. FashioRIMsta is not liabale for any and all 
injuries resulting from prolonged exposure to toxic air and discourages
the user from excessive communicating and hunting activities 
while wearing our product. --FashionRIMsta, Legal Dept.)</description>
		<recipeMaker>
			<researchPrerequisite>ComplexClothing</researchPrerequisite>
		</recipeMaker>
		<graphicData>
			<texPath>Things/Pawn/Humanlike/Apparel/Hats/FSGasmask</texPath>
			<graphicClass>Graphic_Single</graphicClass>
		</graphicData>
		<statBases>
			<WorkToMake>8000</WorkToMake>
			<Mass>0.8</Mass>
			<StuffEffectMultiplierArmor>0.3</StuffEffectMultiplierArmor>
			<StuffEffectMultiplierInsulation_Cold>0</StuffEffectMultiplierInsulation_Cold>
			<StuffEffectMultiplierInsulation_Heat>0</StuffEffectMultiplierInsulation_Heat>
			<EquipDelay>5</EquipDelay>
		</statBases>
		<equippedStatOffsets>
			<SocialImpact>-0.25</SocialImpact>
			<ToxicSensitivity>-0.5</ToxicSensitivity>
			<ShootingAccuracyPawn>-1.2</ShootingAccuracyPawn>
		</equippedStatOffsets>
		<costList>
			<ComponentIndustrial>2</ComponentIndustrial>
			<Steel>50</Steel>
		</costList>
		<generateCommonality>0.05</generateCommonality>
		<apparel>
			<bodyPartGroups>
				<li>FullHead</li>
			</bodyPartGroups>
			<wornGraphicPath>Things/Pawn/Humanlike/Apparel/Hats/FSGasmask</wornGraphicPath>
			<layers>
				<li>Overhead</li>
			</layers>
			<tags>
				<li>Outlander</li>
			</tags>
			<defaultOutfitTags>
				<li>Soldier</li>
			</defaultOutfitTags>
		</apparel>
	</ThingDef>



</Defs>
