<?xml version="1.0" encoding="utf-8"?>
<ModMetaData>
	<name>FashionRIMsta</name>
	<author>spoonshortageftNackblad</author>
	<url>https://ludeon.com/forums/index.php?topic=46210.0</url>
	<supportedVersions>
		<li>1.0</li>
		<li>1.1</li>
		<li>1.2</li>
		<li>1.3</li>
		<li>1.4</li>
	</supportedVersions>
	<packageId>spoonshortage.fashionrimsta</packageId>
	<description>Additional apparel for your pawns.

[b]Including:[/b]

[b]Fur Coat[/b] A savagely warm fur coat for the savage fashion fan! 
Wraps the important bits and bobs in dead animal hide and fur, and keeps them safe from freezing winter temperatures. 
The preferred winter look of the tribals of the Rim!
(Since dead animal fur is heavy to shlep around all day, walking and working too fast is not recommended/possible. --fashionRIMsta, Dept. of Design)

[b]Fur Hat[/b] These hats made of fur, are a replica of those worn by the ancient warriors of the 
Ra-Shain plains of Terra.
They are the perfect headgear for cold weather protection, both stylish and practical.

[b]Chef Jacket[/b] Show off your cooking skills with this professional chef jacket!
Butcher faster!
Cook better!
Brew more!
And impress your fellow colonists with your tasty creations that have a lesser chance of poisoning them!

[b]Chef Hat [/b]Complete your professional chef look, and forget all those 
nasty hairs in the soup, with this innovative and practical chef's hat.
Cook, brew and butcher faster, better and with style!

[b]Thermal Pants[/b] These fashionable thermal pants represent the height of cold-weather apparel innovation! 
They keep the bottom warm and feel like sitting on a fluffy cloud.
From the Glitterworlds to the Rim, they are the perfect high-tech choice for cold temperatures.

[b]Cargo Shorts[/b] Enjoy the summer and show off your legs with these perfectly tailored cargo shorts!
With no sweating between your legs, even the work goes faster!
(Independent studies have shown, that the aerodynamic and cooling properties of these shorts verifiably enhance walking and working speed. --fashionRIMsta, Dept. of Science)

[b]Desert Robe[/b] The desert robe is the perfect apparel for a hot day. 
It is easy to craft at a crafting spot and allows for a nice, cool breeze around the nether regions, to combat the heat of summer and excessive sweating. 
It is one of the typical summer clothes worn by the tribal people of the Rim.

[b]Desert Head Wrap[/b] Are you tired of the sand blowing in your face? 
The sun baking on your head? 
Fear no more! The desert head wrap is here! 
It will protect you from the heat, sand and general unpleasantness of summer. 
But beware! Since your face is covered, you will sound like a mumbling idiot, so people won't understand you well! 

[b]Scrubs[/b] These scrubs are the perfect choice for the madically inclined colonist.
They are sanitary, super blood-resistant and give the appearance of medical professionalism, even without a degree!
(FashionRIMsta does not condone the practice of medicine without a professional degree 
and is not liable for any and all consequences of malpractice and/or 
accidents performed while wearing our medical apparel. --fashionRIMsta, Legal Dept.)

[b]Surgical Mask[/b] This mask prevents the wearer from being splattered in the face 
with blood/tissue/brains/fluids while performing any medical tasks.
Also shields the 'patient' from bacteria and/or dirt coming from the mask-wearer.
(FashionRIMsta does not condone the practice of medicine without a professional degree 
and is not liable for any and all consequences of malpractice and/or accidents 
performed while wearing our 
medical apparel. --fashionRIMsta, Legal Dept.)

[b]Military Fatigues[/b] Now also available for civilians, our military fatigues!
The ideal uniform choice for any charismatic warmonger or charming guerilla fighter!
Crush your enemies and defend you turf with these highly innovative fatigues.

[b]Gasmask[/b] No air? No problem!
Our new and redesigned gasmask will keep you breathing
worry-free for at least 50% longer* in any nasty
and toxic environment!
(*percentage is an estimate. FashioRIMsta is not liabale for any and all 
injuries resulting from prolonged exposure to toxic air and discourages
the user from excessive communicating and hunting activities 
while wearing our product. --FashionRIMsta, Legal Dept.)

[b]Gardening Vest[/b] Shriveled corn? Tiny potatoes?
Put on the gardening vest and show your prowess on the "plowing field" like a Pro!
Plant your seeds and pluck those flowers, make that black thumb green again!

[b]Construction Jacket[/b] Brightly colored for perfect visibility, the construction Jacket
is a must-have addition for every growing colony!
Let your colonists stand out not only by style 
but also by the speed they mine and build!

[b]Fine Shirt[/b] Up your social-game with our business line shirt!
Whether you want the ladies to drop their panties or traders 
to drop their prices, no one will be save from your ice-like coolness.

[b]Overalls[/b] Swing that mop and move those feet! 
Our "Professional Professionals" product line introduces: The Overall
A new and improved uniform for all you hip and fashion-aware 
Colony Environmental Hygienists,
Habitat Contaminant Removal Executives
and Resource Location Adjustment Technicians!
Wear fashionRIMsta - be a professional.</description>
</ModMetaData>